<?xml version="1.0" encoding="UTF-8"?>
<beans xmlns="http://www.springframework.org/schema/beans"
       xmlns:xsi="http://www.w3.org/2001/XMLSchema-instance"
       xsi:schemaLocation="
        http://www.springframework.org/schema/beans http://www.springframework.org/schema/beans/spring-beans.xsd">


    <bean id = "st1" class="org.example.Engine">
    </bean>
    <bean id = "bt1" class="org.example.Battery" primary="true">
</bean>
    <bean id= "b1" class="org.example.Bike" autowire="constructor">
<!--            <constructor-arg index="0" ref="bt1"> </constructor-arg>-->
        <constructor-arg index="1" value="18"> </constructor-arg>
        <constructor-arg index="2" value="108"> </constructor-arg>
<!--        <property name="roll" value="101"> </property>-->
<!--        <property name="age" value="20"> </property>-->
<!--        <property name="v" ref="st1"> </property>-->
    </bean>
</beans>